{
    "biological_parameters": {
        "idle": 0.1,
        "l": 0.00084,
        "m": 5.71e-07,
        "q": 1.68e-07,
        "r": 1.68e-07,
        "s": 0.1
    },
    "bootstrap_samples": 500,
    "num_simulations": 1000,
    "percentiles": {
        "50th": {
            "lower": 8.827676009159287e-06,
            "upper": 9.535475931168473e-06,
            "width_pct": 7.077999220091857e-05
        },
        "75th": {
            "lower": 1.3359258064705055e-05,
            "upper": 1.4982422537968969e-05,
            "width_pct": 0.00016231644732639145
        },
        "90th": {
            "lower": 2.3838970289291463e-05,
            "upper": 3.072546913061859e-05,
            "width_pct": 0.0006886498841327127
        }
    }
}
