{
    "parameters": {
        "completed": true,
        "idle": 0.049796467154146075,
        "l": 5.141079497979958e-10,
        "m": 1.4263373705354974e-08,
        "q": 1.9868821147112715e-08,
        "r": 2.699584116578875e-05,
        "s": 0.02372581823891751,
        "sample_id": 0
    },
    "results": {
        "bootstrap_samples": 100,
        "num_simulations": 500,
        "total_resistant": {
            "50th": {
                "lower": 0.007898155285226721,
                "upper": 0.008334050287863371
            },
            "75th": {
                "lower": 0.009537876315333121,
                "upper": 0.010748563705779242
            },
            "90th": {
                "lower": 0.012631959168502096,
                "upper": 0.015224421961985863
            }
        },
        "transient_fraction": {
            "50th": {
                "lower": 0.00030286897813300393,
                "upper": 0.00034984682349919127
            },
            "75th": {
                "lower": 0.0004755156706981864,
                "upper": 0.0005649185962688255
            },
            "90th": {
                "lower": 0.0007355862943785157,
                "upper": 0.0010434012663181134
            }
        }
    },
    "sample_id": 0
}
